/*************************************************

Case Study : School
Author : R. Jyothi Prakash
Create Date : 03/11/2024

Purpose : Learning SQL

****************************************************/

create database School
go

use School
go


-- CourseMaster
create table CourseMaster
(
	CID			Int				Primary Key, 
	CourseName	varchar(40)		NOT NULL,
	Category	char(1)			NULL check (Category = 'B' or Category = 'M' or Category = 'A'),
	Fee			Smallmoney		NOT NULL check(Fee > 0)
)
go

-- read
select * from CourseMaster



-- StudentMaster
create table StudentMaster
(
	SID			TinyInt		Primary Key, 
	StudentName	Varchar(40)	NOT NULL, 
	Origin		Char(1)		NOT NULL check(Origin = 'L' or Origin = 'F'), 
	Type		Char(1)		NOT NULL check(Type = 'U' or Type = 'G')
)
go

-- read
select * from StudentMaster


-- Enrollment Master 
create table EnrollmentMaster 
(
	CID			int			Foreign Key references CourseMaster(CID),
	SID			Tinyint		Foreign Key references StudentMaster, 
	DOE			DateTime	NOT NULL, 
	FWF			Bit			NOT NULL, 
	Grade		Char(1)		check(Grade = 'O' or Grade = 'A' or Grade = 'B' or Grade = 'C')
)
go


-- read
select * from EnrollmentMaster


-- insert
insert into CourseMaster values (10, 'SQL Server', 'B', 12000)
insert into CourseMaster values (20, 'SAP', 'M', 15000)
insert into CourseMaster values (30, 'SQL', 'B', 12000)
insert into CourseMaster values (40, 'Data Science', 'A', 45000)
insert into CourseMaster values (50, 'MSBI', 'A', 2000)
insert into CourseMaster values (60, 'Python', 'B', 9000)
insert into CourseMaster values (70, 'Data Analysis', 'A', 19000)
insert into CourseMaster values (80, 'Data Engineering', 'B', 15000)
insert into CourseMaster values (90, 'DBA', 'B', 12000)
insert into CourseMaster values (100, 'Excel', 'B', 15000)
go


-- read 
select * from CourseMaster



-- insert
insert into StudentMaster values(1, 'raja Sekhar' , 'L', 'G')
insert into StudentMaster values(2, 'raja' , 'L', 'G')
insert into StudentMaster values(3, 'peter' , 'F', 'U')
insert into StudentMaster values(4, 'john' , 'F', 'U')
insert into StudentMaster values(5, 'Sekhar' , 'L', 'U')
insert into StudentMaster values(6, 'Prakash' , 'L', 'U')
insert into StudentMaster values(7, 'Jyothi' , 'L', 'U')
insert into StudentMaster values(8, 'Amar' , 'F', 'G')
insert into StudentMaster values(9, 'Usman' , 'F', 'U')
insert into StudentMaster values(10, 'Khizar' , 'F', 'G')
insert into StudentMaster values(11, 'papi' , 'F', 'G')
insert into StudentMaster values(12, 'Raj' , 'L', 'G')
go


-- read 
select * from StudentMaster


-- insert
insert into EnrollmentMaster values (30, 3, '2018/2/22', 1, 'O')
insert into EnrollmentMaster values (50, 1, '2018/3/24', 1, 'A')
insert into EnrollmentMaster values (90, 2, '2021/4/22', 0, 'B')
insert into EnrollmentMaster values (60, 3, '2019/5/12', 1, 'A')
insert into EnrollmentMaster values (20, 5, '2021/6/01', 0, 'C')
insert into EnrollmentMaster values (30, 6, '2023/7/14', 1, 'O')
insert into EnrollmentMaster values (30, 9, '2020/8/22', 0, 'B')
insert into EnrollmentMaster values (30, 3, '2019/2/22', 1, 'O')
insert into EnrollmentMaster values (50, 1, '2020/3/24', 0, 'A')
insert into EnrollmentMaster values (90, 2, '2022/4/22', 1, 'B')
insert into EnrollmentMaster values (60, 3, '2020/5/12', 0, 'A')
insert into EnrollmentMaster values (20, 5, '2022/6/01', 1, 'C')
insert into EnrollmentMaster values (30, 6, '2024/7/14', 0, 'O')
insert into EnrollmentMaster values (30, 9, '2021/8/22', 1, 'B')
go


-- read 
select * from EnrollmentMaster


